x,y,yaw
0.0,0.0,5.634143352508545
0.0,0.0,5.634143352508545
0.0,0.0,5.634143352508545
0.0,0.0,5.634143352508545
0.0,0.0,5.634143352508545
0.0,0.0,5.634143352508545
0.0,0.0,5.634143352508545
0.0,0.0,5.634143352508545
0.0,0.0,5.634143352508545
0.0,0.0,5.634143352508545
0.0,0.0,5.634143352508545
0.0,0.0,5.634143352508545
0.0,0.0,5.634143352508545
0.0,0.0,5.634143352508545
0.0,0.0,5.634143352508545
0.0,0.0,5.634143352508545
0.0,0.0,5.634143352508545
0.0,0.0,5.634143352508545
0.0,0.0,5.634143352508545
0.0,0.0,5.634143352508545
0.0,0.0,5.634143352508545
0.0,0.0,5.634143352508545
0.0,0.0,5.634143352508545
0.0,0.0,5.634143352508545
0.0,0.0,5.634143352508545
0.0,0.0,5.634143352508545
0.0,0.0,5.634143352508545
0.0,0.0,5.634143352508545
0.0,0.0,5.634143352508545
0.0,0.0,5.634143352508545
0.0,0.0,5.634143352508545
0.0,0.0,5.634143352508545
0.0,0.0,5.634143352508545
0.0,0.0,5.634143352508545
0.0,0.0,5.634143352508545
0.0,0.0,5.634143352508545
0.0,0.0,5.634143352508545
0.0,0.0,5.634143352508545
0.0,0.0,5.634143352508545
0.0,0.0,5.634143352508545
0.0,0.0,5.634143352508545
0.0,0.0,5.634143352508545
0.0,0.0,5.634143352508545
0.0,0.0,5.634143352508545
0.0,0.0,5.634143352508545
0.0,0.0,5.634143352508545
0.0,0.0,5.634143352508545
0.0,0.0,5.634143352508545
0.0,0.0,5.634143352508545
0.0,0.0,5.634143352508545
0.0,0.0,5.634143352508545
0.0,0.0,5.634143352508545
0.0,0.0,5.634143352508545
0.0,0.0,5.634143352508545
0.0,0.0,5.634143352508545
0.0,0.0,5.634143352508545
0.0,0.0,5.634143352508545
0.0,0.0,5.634143352508545
0.0,0.0,5.634143352508545
0.0,0.0,5.634143352508545
0.0,0.0,5.634143352508545
0.0,0.0,5.634143352508545
0.0,0.0,5.634143352508545
0.0,0.0,5.634143352508545
0.0,0.0,5.634143352508545
0.0,0.0,5.634143352508545
0.0,0.0,5.634143352508545
0.0,0.0,5.634143352508545
0.0,0.0,5.634143352508545
0.0,0.0,5.634143352508545
0.0,0.0,5.634143352508545
0.0,0.0,5.634143352508545
0.0,0.0,5.634143352508545
0.0,0.0,5.634143352508545
0.0,0.0,5.634143352508545
0.0,0.0,5.634143352508545
0.0,0.0,5.634143352508545
0.0,0.0,5.634143352508545
0.0,0.0,5.634143352508545
0.0,0.0,5.634143352508545
0.0,0.0,5.634143352508545
0.0,0.0,5.634143352508545
0.0,0.0,5.634143352508545
0.0,0.0,5.634143352508545
0.0,0.0,5.634143352508545
0.0,0.0,5.634143352508545
0.0,0.0,5.634143352508545
0.0,0.0,5.634143352508545
0.0,0.0,5.634143352508545
0.0,0.0,5.634143352508545
0.0,0.0,5.634143352508545
0.0,0.0,5.634143352508545
0.0,0.0,5.634143352508545
0.0,0.0,5.634143352508545
0.0,0.0,5.634143352508545
0.0,0.0,5.634143352508545
0.0,0.0,5.634143352508545
0.0,0.0,5.634143352508545
0.0,0.0,5.634143352508545
0.0,0.0,5.634143352508545
0.0,0.0,5.634143352508545
0.0,0.0,5.634143352508545
0.0,0.0,5.634143352508545
0.0,0.0,5.634143352508545
0.0,0.0,5.634143352508545
0.0,0.0,5.634143352508545
0.0,0.0,5.634143352508545
0.0,0.0,5.634143352508545
0.0,0.0,5.634143352508545
0.0,0.0,5.634143352508545
0.0,0.0,5.634143352508545
0.0,0.0,5.634143352508545
0.0,0.0,5.634143352508545
0.0,0.0,5.634143352508545
0.0,0.0,5.634143352508545
0.0,0.0,5.634143352508545
0.0,0.0,5.634143352508545
0.0,0.0,5.634143352508545
0.0,0.0,5.634143352508545
0.0,0.0,5.634143352508545
0.0,0.0,5.634143352508545
0.0,0.0,5.634143352508545
0.0,0.0,5.634143352508545
0.0,0.0,5.634143352508545
0.0,0.0,5.634143352508545
0.0,0.0,5.634143352508545
0.0,0.0,5.634143352508545
0.0,0.0,5.634143352508545
0.0,0.0,5.634143352508545
0.0,0.0,5.634143352508545
0.0,0.0,5.634143352508545
0.0,0.0,5.634143352508545
0.0,0.0,5.634143352508545
0.0,0.0,5.634143352508545
0.0,0.0,5.634143352508545
0.0,0.0,5.634143352508545
0.0,0.0,5.634143352508545
0.0,0.0,5.634143352508545
0.0,0.0,5.634143352508545
0.0,0.0,5.634143352508545
0.0,0.0,5.629780292510986
0.0,0.0,5.629780292510986
0.0,0.0,5.629780292510986
0.0,0.0,5.629780292510986
0.0,0.0,5.629780292510986
0.0,0.0,5.629780292510986
0.0,0.0,5.629780292510986
0.0,0.0,5.629780292510986
0.0,0.0,5.635234355926514
0.0,0.0,5.635234355926514
0.0,0.0,5.635234355926514
0.0,0.0,5.635234355926514
0.0,0.0,5.633052349090576
0.0,0.0,5.633052349090576
0.0,0.0,5.633052349090576
0.0,0.0,5.633052349090576
0.0,0.0,5.630870819091797
0.0,0.0,5.630870819091797
0.0,0.0,5.630870819091797
0.0,0.0,5.630870819091797
0.0,0.0,5.630870819091797
0.0,0.0,5.630870819091797
0.0,0.0,5.630870819091797
0.0,0.0,5.630870819091797
0.0,0.0,5.630870819091797
0.0,0.0,5.630870819091797
0.0,0.0,5.630870819091797
0.0,0.0,5.630870819091797
0.0,0.0,5.630870819091797
0.0,0.0,5.630870819091797
0.0,0.0,5.630870819091797
0.0,0.0,5.630870819091797
0.0,0.0,5.630870819091797
0.0,0.0,5.630870819091797
0.0,0.0,5.630870819091797
0.0,0.0,5.630870819091797
0.0,0.0,5.630870819091797
0.0,0.0,5.630870819091797
0.0,0.0,5.630870819091797
0.0,0.0,5.630870819091797
0.0,0.0,5.630870819091797
0.0,0.0,5.630870819091797
0.0,0.0,5.630870819091797
0.0,0.0,5.630870819091797
0.0,0.0,5.630870819091797
0.0,0.0,5.630870819091797
0.0,0.0,5.630870819091797
0.0,0.0,5.630870819091797
0.0,0.0,5.630870819091797
0.0,0.0,5.630870819091797
0.0,0.0,5.630870819091797
0.0,0.0,5.630870819091797
0.0,0.0,5.630870819091797
0.0,0.0,5.630870819091797
0.0,0.0,5.630870819091797
0.0,0.0,5.630870819091797
0.0,0.0,5.630870819091797
0.0,0.0,5.630870819091797
0.0,0.0,5.630870819091797
0.0,0.0,5.630870819091797
0.0,0.0,5.630870819091797
0.0,0.0,5.630870819091797
0.0,0.0,5.630870819091797
0.0,0.0,5.630870819091797
0.0,0.0,5.630870819091797
0.0,0.0,5.630870819091797
0.0,0.0,5.630870819091797
0.0,0.0,5.630870819091797
0.0,0.0,5.630870819091797
0.0,0.0,5.630870819091797
0.0,0.0,5.630870819091797
0.0,0.0,5.630870819091797
0.0,0.0,5.630870819091797
0.0,0.0,5.630870819091797
0.0,0.0,5.630870819091797
0.0,0.0,5.630870819091797
0.0,0.0,5.630870819091797
0.0,0.0,5.630870819091797
0.0,0.0,5.630870819091797
0.0,0.0,5.630870819091797
0.0,0.0,5.630870819091797
0.0,0.0,5.630870819091797
0.0,0.0,5.630870819091797
0.0,0.0,5.630870819091797
0.0,0.0,5.630870819091797
0.0,0.0,5.630870819091797
0.0,0.0,5.630870819091797
0.0,0.0,5.630870819091797
0.0,0.0,5.630870819091797
0.0,0.0,5.630870819091797
0.0,0.0,5.630870819091797
0.0,0.0,5.630870819091797
0.0,0.0,5.630870819091797
0.0,0.0,5.630870819091797
0.0,0.0,5.630870819091797
0.0,0.0,5.630870819091797
0.0,0.0,5.630870819091797
0.0,0.0,5.630870819091797
0.0,0.0,5.630870819091797
0.0,0.0,5.630870819091797
0.0,0.0,5.630870819091797
0.0,0.0,5.630870819091797
0.0,0.0,5.630870819091797
0.0,0.0,5.630870819091797
0.0,0.0,5.630870819091797
0.0,0.0,5.630870819091797
0.0,0.0,5.630870819091797
0.0,0.0,5.630870819091797
0.0,0.0,5.630870819091797
0.0,0.0,5.630870819091797
0.0,0.0,5.630870819091797
0.0,0.0,5.630870819091797
0.0,0.0,5.630870819091797
0.0,0.0,5.630870819091797
0.0,0.0,5.630870819091797
0.0,0.0,5.630870819091797
0.0,0.0,5.630870819091797
0.0,0.0,5.630870819091797
0.0,0.0,5.630870819091797
0.0,0.0,5.630870819091797
0.0,0.0,5.630870819091797
0.0,0.0,5.630870819091797
0.0,0.0,5.630870819091797
0.0,0.0,5.630870819091797
0.0,0.0,5.630870819091797
0.0,0.0,5.630870819091797
0.0,0.0,5.630870819091797
0.0,0.0,5.630870819091797
0.0,0.0,5.630870819091797
0.0,0.0,5.630870819091797
0.0,0.0,5.630870819091797
0.0,0.0,5.630870819091797
0.0,0.0,5.630870819091797
0.0,0.0,5.630870819091797
0.0,0.0,5.630870819091797
0.0,0.0,5.630870819091797
0.0,0.0,5.630870819091797
0.0,0.0,5.630870819091797
0.0,0.0,5.630870819091797
0.0,0.0,5.630870819091797
0.0,0.0,5.630870819091797
0.0,0.0,5.630870819091797
0.0,0.0,5.630870819091797
0.0,0.0,5.630870819091797
0.0,0.0,5.630870819091797
0.0,0.0,5.630870819091797
0.0,0.0,5.630870819091797
0.0,0.0,5.630870819091797
0.0,0.0,5.630870819091797
0.0,0.0,5.630870819091797
0.0,0.0,5.630870819091797
0.0,0.0,5.630870819091797
0.0,0.0,5.630870819091797
0.0,0.0,5.630870819091797
0.0,0.0,5.630870819091797
0.0,0.0,5.630870819091797
0.0,0.0,5.630870819091797
0.0,0.0,5.630870819091797
0.0,0.0,5.630870819091797
0.0,0.0,5.630870819091797
0.0,0.0,5.630870819091797
0.0,0.0,5.630870819091797
0.0,0.0,5.630870819091797
0.0,0.0,5.630870819091797
0.0,0.0,5.630870819091797
0.0,0.0,5.630870819091797
0.0,0.0,5.630870819091797
0.0,0.0,5.630870819091797
0.0,0.0,5.630870819091797
0.0,0.0,5.630870819091797
0.0,0.0,5.630870819091797
0.0,0.0,5.630870819091797
0.0,0.0,5.630870819091797
0.0,0.0,5.630870819091797
0.0,0.0,5.630870819091797
0.0,0.0,5.630870819091797
0.0,0.0,5.630870819091797
0.0,0.0,5.630870819091797
0.0,0.0,5.630870819091797
0.0,0.0,5.630870819091797
0.0,0.0,5.630870819091797
0.0,0.0,5.630870819091797
0.0,0.0,5.630870819091797
0.0,0.0,5.630870819091797
0.0,0.0,5.630870819091797
0.0,0.0,5.630870819091797
0.0,0.0,5.630870819091797
0.0,0.0,5.630870819091797
0.0,0.0,5.630870819091797
0.0,0.0,5.630870819091797
0.0,0.0,5.630870819091797
0.0,0.0,5.630870819091797
0.0,0.0,5.630870819091797
0.0,0.0,5.630870819091797
0.0,0.0,5.630870819091797
0.0,0.0,5.630870819091797
0.0,0.0,5.630870819091797
0.0,0.0,5.630870819091797
0.0,0.0,5.630870819091797
0.0,0.0,5.630870819091797
0.0,0.0,5.630870819091797
0.0,0.0,5.630870819091797
0.0,0.0,5.630870819091797
0.0,0.0,5.630870819091797
0.0,0.0,5.630870819091797
0.0,0.0,5.630870819091797
0.0,0.0,5.630870819091797
0.0,0.0,5.630870819091797
0.0,0.0,5.630870819091797
0.0,0.0,5.630870819091797
0.0,0.0,5.630870819091797
0.0,0.0,5.630870819091797
0.0,0.0,5.630870819091797
0.0,0.0,5.630870819091797
0.0,0.0,5.630870819091797
0.0,0.0,5.630870819091797
0.0,0.0,5.630870819091797
0.0,0.0,5.630870819091797
0.0,0.0,5.630870819091797
0.0,0.0,5.630870819091797
0.0,0.0,5.630870819091797
0.0,0.0,5.630870819091797
0.0,0.0,5.630870819091797
0.0,0.0,5.630870819091797
0.0,0.0,5.630870819091797
0.0,0.0,5.630870819091797
0.0,0.0,5.630870819091797
0.0,0.0,5.630870819091797
0.0,0.0,5.630870819091797
0.0,0.0,5.630870819091797
0.0,0.0,5.630870819091797
0.0,0.0,5.630870819091797
0.0,0.0,5.630870819091797
0.0,0.0,5.630870819091797
0.0,0.0,5.630870819091797
0.0,0.0,5.630870819091797
0.0,0.0,5.630870819091797
0.0,0.0,5.630870819091797
0.0,0.0,5.630870819091797
0.0,0.0,5.630870819091797
0.0,0.0,5.630870819091797
0.0,0.0,5.630870819091797
0.172346830368042,-0.007960140705108643,5.630870819091797
0.172346830368042,-0.007960140705108643,5.630870819091797
0.3917141854763031,-0.006294026970863342,5.630870819091797
0.7021605968475342,-0.009441018104553223,5.630870819091797
0.7021605968475342,-0.009441018104553223,5.631961822509766
1.1001688241958618,-0.0009254515171051025,5.631961822509766
1.1001688241958618,-0.0009254515171051025,5.631961822509766
1.5237236022949219,0.0020365267992019653,5.630870819091797
1.9694929122924805,0.004628285765647888,5.628689289093018
1.9694929122924805,0.004628285765647888,5.626507759094238
2.460801601409912,0.011292695999145508,5.626507759094238
2.460801601409912,0.011292695999145508,5.627598285675049
2.9696967601776123,0.0018516480922698975,5.627598285675049
3.5298702716827393,-0.004442334175109863,5.6254167556762695
3.5298702716827393,-0.004442334175109863,5.624325752258301
4.104853630065918,-0.007774412631988525,5.624325752258301
4.104853630065918,-0.007774412631988525,5.6254167556762695
4.69149923324585,-0.017215460538864136,5.6254167556762695
5.278514862060547,-0.018511205911636353,5.6254167556762695
5.278514862060547,-0.018511205911636353,5.6254167556762695
5.86682653427124,-0.016659915447235107,5.6254167556762695
5.86682653427124,-0.016659915447235107,5.626507759094238
6.472724914550781,-0.034246236085891724,5.626507759094238
6.472724914550781,-0.034246236085891724,5.6254167556762695
7.073995113372803,-0.03979972004890442,5.6254167556762695
7.664157867431641,-0.039799630641937256,5.6254167556762695
7.664157867431641,-0.039799630641937256,5.6254167556762695
8.254691123962402,-0.03646737337112427,5.6254167556762695
8.254691123962402,-0.03646737337112427,5.624325752258301
8.842632293701172,-0.03794822096824646,5.6254167556762695
9.421688079833984,-0.03054332733154297,5.626507759094238
9.421688079833984,-0.03054332733154297,5.626507759094238
9.999077796936035,-0.017769932746887207,5.6254167556762695
10.548514366149902,-0.007403135299682617,5.624325752258301
10.548514366149902,-0.007403135299682617,5.6254167556762695
11.091841697692871,-0.003515481948852539,5.626507759094238
11.091841697692871,-0.003515481948852539,5.6254167556762695
11.624061584472656,-0.011475563049316406,5.6254167556762695
12.162020683288574,-0.012215942144393921,5.6254167556762695
12.162020683288574,-0.012215942144393921,5.627598285675049
12.69609260559082,-0.018324851989746094,5.626507759094238
12.69609260559082,-0.018324851989746094,5.6254167556762695
13.228312492370605,0.0018533170223236084,5.624325752258301
13.748499870300293,0.01407131552696228,5.6254167556762695
13.748499870300293,0.01407131552696228,5.6254167556762695
14.269613265991211,0.023142307996749878,5.624325752258301
14.269613265991211,0.023142307996749878,5.624325752258301
14.775361061096191,0.0257340669631958,5.626507759094238
15.270187377929688,0.019625186920166016,5.628689289093018
15.270187377929688,0.019625186920166016,5.627598285675049
15.768715858459473,0.024253249168395996,5.626507759094238
16.263172149658203,0.011109799146652222,5.626507759094238
16.263172149658203,0.011109799146652222,5.627598285675049
16.76410675048828,0.004445567727088928,5.626507759094238
16.76410675048828,0.004445567727088928,5.6254167556762695
17.26615333557129,0.007777795195579529,5.6254167556762695
17.753204345703125,0.01795947551727295,5.6254167556762695
17.753204345703125,0.01795947551727295,5.6254167556762695
18.238590240478516,0.03573107719421387,5.6254167556762695
18.238590240478516,0.03573107719421387,5.626507759094238
18.735267639160156,0.04406152665615082,5.626507759094238
18.735267639160156,0.04406152665615082,5.626507759094238
19.22454071044922,0.051651522517204285,5.6254167556762695
19.708629608154297,0.054798662662506104,5.6254167556762695
19.708629608154297,0.054798662662506104,5.6254167556762695
20.201234817504883,0.05979698896408081,5.6254167556762695
20.689210891723633,0.04313623905181885,5.624325752258301
20.689210891723633,0.04313623905181885,5.62323522567749
21.18329620361328,0.042580947279930115,5.62323522567749
21.686452865600586,0.045542940497398376,5.62323522567749
21.686452865600586,0.045542940497398376,5.62323522567749
22.211082458496094,0.0451727956533432,5.62323522567749
22.211082458496094,0.0451727956533432,5.62323522567749
22.71571922302246,0.03850856423377991,5.6221442222595215
23.23220443725586,0.037397921085357666,5.6221442222595215
23.23220443725586,0.037397921085357666,5.62323522567749
23.753873825073242,0.03480631113052368,5.62323522567749
23.753873825073242,0.03480631113052368,5.62323522567749
24.26906394958496,0.03536170721054077,5.62323522567749
24.789621353149414,0.035361796617507935,5.6221442222595215
24.789621353149414,0.035361796617507935,5.62323522567749
25.30666160583496,0.02443981170654297,5.62323522567749
25.83184814453125,0.03980490565299988,5.62323522567749
25.83184814453125,0.03980490565299988,5.62323522567749
26.349443435668945,0.03314065933227539,5.6221442222595215
26.349443435668945,0.03314065933227539,5.6221442222595215
26.869260787963867,0.030919313430786133,5.6221442222595215
27.377601623535156,0.016480043530464172,5.6221442222595215
27.377601623535156,0.016480043530464172,5.6221442222595215
27.895938873291016,0.017220601439476013,5.6221442222595215
28.40779685974121,0.010741457343101501,5.6221442222595215
28.40779685974121,0.010741457343101501,5.62323522567749
28.40779685974121,0.010741457343101501,5.62323522567749
28.40779685974121,0.010741457343101501,5.62323522567749
28.92113494873047,0.002781406044960022,5.6221442222595215
28.92113494873047,0.002781406044960022,5.6221442222595215
29.436695098876953,0.0007451623678207397,5.6221442222595215
29.952070236206055,-0.0029571503400802612,5.6221442222595215
29.952070236206055,-0.0029571503400802612,5.6221442222595215
30.463741302490234,0.0014858394861221313,5.6221442222595215
30.463741302490234,0.0014858394861221313,5.6221442222595215
30.972637176513672,0.003152027726173401,5.6221442222595215
31.473941802978516,-0.0009205043315887451,5.621053218841553
31.473941802978516,-0.0009205043315887451,5.619962692260742
31.969324111938477,-0.009435951709747314,5.619962692260742
31.969324111938477,-0.009435951709747314,5.619962692260742
32.474517822265625,-0.018876969814300537,5.619962692260742
32.99155807495117,-0.017210781574249268,5.618871688842773
32.99155807495117,-0.017210781574249268,5.618871688842773
33.508968353271484,-0.029613763093948364,5.618871688842773
34.02286148071289,-0.039980411529541016,5.618871688842773
34.02286148071289,-0.039980411529541016,5.618871688842773
34.533424377441406,-0.04405301809310913,5.618871688842773
35.032691955566406,-0.05238333344459534,5.618871688842773
35.032691955566406,-0.05238333344459534,5.618871688842773
35.53807067871094,-0.05386418104171753,5.618871688842773
36.04807662963867,-0.05145755410194397,5.618871688842773
36.04807662963867,-0.05145755410194397,5.618871688842773
36.55900955200195,-0.047384798526763916,5.618871688842773
36.55900955200195,-0.047384798526763916,5.619962692260742
37.070125579833984,-0.03572213649749756,5.619962692260742
37.56902313232422,-0.034796446561813354,5.619962692260742
37.56902313232422,-0.034796446561813354,5.619962692260742
38.08736038208008,-0.03183445334434509,5.619962692260742
38.08736038208008,-0.03183445334434509,5.619962692260742
38.586814880371094,-0.023318856954574585,5.619962692260742
39.11663055419922,-0.004436522722244263,5.619962692260742
39.11663055419922,-0.004436522722244263,5.619962692260742
39.62774658203125,-0.01387760043144226,5.619962692260742
40.14237976074219,0.005004748702049255,5.619962692260742
40.14237976074219,0.005004748702049255,5.619962692260742
40.65812301635742,0.010558411478996277,5.619962692260742
41.16831588745117,0.015371635556221008,5.618871688842773
41.16831588745117,0.015371635556221008,5.618871688842773
41.67887878417969,0.029811114072799683,5.618871688842773
41.67887878417969,0.029811114072799683,5.618871688842773
42.18370056152344,0.03258797526359558,5.619962692260742
42.69463348388672,0.04369524121284485,5.619962692260742
42.69463348388672,0.04369524121284485,5.619962692260742
43.1990852355957,0.05757930874824524,5.619962692260742
43.1990852355957,0.05757930874824524,5.621053218841553
43.704463958740234,0.06424368917942047,5.6221442222595215
44.21687698364258,0.07238905131816864,5.6221442222595215
44.21687698364258,0.07238905131816864,5.621053218841553
44.7378044128418,0.09534403681755066,5.621053218841553
45.25651168823242,0.10089772939682007,5.6221442222595215
45.25651168823242,0.10089772939682007,5.6221442222595215
45.777069091796875,0.11348596215248108,5.6221442222595215
45.777069091796875,0.11348596215248108,5.6221442222595215
46.29355239868164,0.12274205684661865,5.6221442222595215
46.80503845214844,0.1362559050321579,5.6221442222595215
46.80503845214844,0.1362559050321579,5.6221442222595215
47.3326301574707,0.1358857899904251,5.6221442222595215
47.8563346862793,0.11496730148792267,5.6221442222595215
47.8563346862793,0.11496730148792267,5.621053218841553
48.366153717041016,0.11200548708438873,5.621053218841553
48.89189529418945,0.10756264626979828,5.621053218841553
48.89189529418945,0.10756264626979828,5.621053218841553
49.40652847290039,0.10534130036830902,5.621053218841553
49.40652847290039,0.10534130036830902,5.621053218841553
49.915977478027344,0.10311995446681976,5.621053218841553
50.443756103515625,0.09441940486431122,5.621053218841553
50.443756103515625,0.09441940486431122,5.619962692260742
50.953948974609375,0.09034682810306549,5.619962692260742
51.47117614746094,0.07257537543773651,5.619962692260742
51.47117614746094,0.07257537543773651,5.618871688842773
51.99543762207031,0.07035399973392487,5.618871688842773
52.50896072387695,0.06331948935985565,5.618871688842773
52.50896072387695,0.06331948935985565,5.618871688842773
53.0191535949707,0.05961717665195465,5.618871688842773
53.0191535949707,0.05961717665195465,5.618871688842773
53.528419494628906,0.054989293217659,5.618871688842773
54.04083251953125,0.05128695070743561,5.617781162261963
54.04083251953125,0.05128695070743561,5.617781162261963
54.545841217041016,0.050176337361335754,5.617781162261963
54.545841217041016,0.050176337361335754,5.617781162261963
55.05640411376953,0.05017642676830292,5.618871688842773
55.562522888183594,0.04388244450092316,5.618871688842773
55.562522888183594,0.04388244450092316,5.618871688842773
56.06364440917969,0.03814379870891571,5.618871688842773
56.06364440917969,0.03814379870891571,5.618871688842773
56.57439041137695,0.04166118800640106,5.618871688842773
57.083839416503906,0.03351600468158722,5.618871688842773
57.083839416503906,0.03351600468158722,5.618871688842773
57.58829116821289,0.03370125591754913,5.618871688842773
58.08496856689453,0.01722566783428192,5.617781162261963
58.08496856689453,0.01722566783428192,5.617781162261963
58.58979034423828,0.00963585078716278,5.617781162261963
59.095909118652344,-0.0018415004014968872,5.618871688842773
59.095909118652344,-0.0018415004014968872,5.618871688842773
59.60350799560547,-0.003692612051963806,5.617781162261963
59.60350799560547,-0.003692612051963806,5.617781162261963
60.11314392089844,-0.0012859851121902466,5.616690158843994
60.622962951660156,-0.00683949887752533,5.616690158843994
60.622962951660156,-0.00683949887752533,5.616690158843994
61.13148880004883,-0.011467412114143372,5.616690158843994
61.13148880004883,-0.011467412114143372,5.616690158843994
61.642974853515625,-0.015725061297416687,5.617781162261963
62.14909362792969,-0.011652335524559021,5.617781162261963
62.14909362792969,-0.011652335524559021,5.617781162261963
62.65132522583008,-0.01887194812297821,5.617781162261963
63.16799545288086,-0.034607067704200745,5.616690158843994
63.16799545288086,-0.034607067704200745,5.616690158843994
63.67263412475586,-0.040530845522880554,5.616690158843994
63.67263412475586,-0.040530845522880554,5.616690158843994
64.18671417236328,-0.04404802620410919,5.616690158843994
64.18671417236328,-0.04404802620410919,5.616690158843994
64.69561004638672,-0.039049699902534485,5.616690158843994
65.20061492919922,-0.037568673491477966,5.617781162261963
65.20061492919922,-0.037568673491477966,5.618871688842773
65.70951080322266,-0.02516557276248932,5.618871688842773
65.70951080322266,-0.02516557276248932,5.618871688842773
66.22118377685547,-0.023684516549110413,5.617781162261963
66.73785400390625,-0.019056454300880432,5.617781162261963
66.73785400390625,-0.019056454300880432,5.617781162261963
67.25286102294922,-0.01646466553211212,5.617781162261963
67.76119995117188,-0.01276223361492157,5.618871688842773
67.76119995117188,-0.01276223361492157,5.617781162261963
68.2817611694336,-0.008319273591041565,5.618871688842773
68.2817611694336,-0.008319273591041565,5.618871688842773
68.79325103759766,-0.0022102147340774536,5.618871688842773
69.31251525878906,0.002047613263130188,5.617781162261963
69.31251525878906,0.002047613263130188,5.617781162261963
69.8138198852539,0.012414410710334778,5.617781162261963
69.8138198852539,0.012414410710334778,5.617781162261963
69.91878509521484,-0.092548668384552,5.619962692260742
69.91878509521484,-0.092548668384552,5.6254167556762695
69.91878509521484,-0.092548668384552,5.627598285675049
69.91878509521484,-0.092548668384552,5.630870819091797
69.91878509521484,-0.092548668384552,5.635234355926514
69.91878509521484,-0.092548668384552,5.64177942276001
69.91878509521484,-0.092548668384552,5.645051956176758
69.91878509521484,-0.092548668384552,5.647233486175537
69.91878509521484,-0.092548668384552,5.649415016174316
69.91878509521484,-0.092548668384552,5.648324012756348
69.91878509521484,-0.092548668384552,5.647233486175537
69.91878509521484,-0.092548668384552,5.647233486175537
69.91878509521484,-0.092548668384552,5.648324012756348
69.91878509521484,-0.092548668384552,5.648324012756348
69.91878509521484,-0.092548668384552,5.649415016174316
69.91878509521484,-0.092548668384552,5.649415016174316
69.91878509521484,-0.092548668384552,5.650506019592285
69.91878509521484,-0.092548668384552,5.650506019592285
69.91878509521484,-0.092548668384552,5.651596546173096
69.91878509521484,-0.092548668384552,5.651596546173096
69.91878509521484,-0.092548668384552,5.651596546173096
69.91878509521484,-0.092548668384552,5.651596546173096
69.91878509521484,-0.092548668384552,5.6526875495910645
70.00949096679688,-0.0018397942185401917,5.6526875495910645
70.01892852783203,0.24048244953155518,5.654869079589844
70.01892852783203,0.24048244953155518,5.653778553009033
70.02762603759766,0.5709218382835388,5.654869079589844
70.02762603759766,0.5709218382835388,5.6559600830078125
70.01689147949219,0.9311655759811401,5.660323143005371
70.00800323486328,1.3162153959274292,5.6592326164245605
70.00800323486328,1.3162153959274292,5.6592326164245605
69.9937515258789,1.749211311340332,5.6592326164245605
69.98246002197266,2.2199716567993164,5.658141613006592
69.98246002197266,2.2199716567993164,5.658141613006592
69.96894836425781,2.719240665435791,5.657051086425781
69.96894836425781,2.719240665435791,5.657051086425781
69.95136260986328,3.257384777069092,5.657051086425781
69.95358276367188,3.798676013946533,5.658141613006592
69.95358276367188,3.798676013946533,5.6592326164245605
69.96505737304688,4.379212856292725,5.6592326164245605
69.97653198242188,4.995662689208984,5.6592326164245605
69.97653198242188,4.995662689208984,5.658141613006592
69.97838592529297,5.600265026092529,5.6592326164245605
69.97838592529297,5.600265026092529,5.6592326164245605
69.98320007324219,6.201905250549316,5.6592326164245605
69.98542022705078,6.793549060821533,5.660323143005371
69.98542022705078,6.793549060821533,5.660323143005371
69.98986053466797,7.396670341491699,5.66141414642334
70.00244903564453,7.982020378112793,5.66141414642334
70.00244903564453,7.982020378112793,5.66141414642334
70.01244354248047,8.566999435424805,5.662505149841309
70.01244354248047,8.566999435424805,5.663595676422119
70.02854919433594,9.14401912689209,5.663595676422119
70.03984069824219,9.71363353729248,5.663595676422119
70.03984069824219,9.71363353729248,5.663595676422119
70.04705810546875,10.285469055175781,5.664686679840088
70.0507583618164,10.85341739654541,5.664686679840088
70.0507583618164,10.85341739654541,5.664686679840088
70.05038452148438,11.411739349365234,5.664686679840088
70.0511245727539,11.961545944213867,5.665777683258057
70.0511245727539,11.961545944213867,5.666868209838867
70.04779052734375,12.494691848754883,5.665777683258057
70.04779052734375,12.494691848754883,5.666868209838867
70.04667663574219,13.01636028289795,5.666868209838867
70.05741119384766,13.543952941894531,5.667959213256836
70.05741119384766,13.543952941894531,5.667959213256836
70.05741119384766,14.052292823791504,5.667959213256836
70.05297088623047,14.554708480834961,5.669050216674805
70.05297088623047,14.554708480834961,5.669050216674805
70.04427337646484,15.050274848937988,5.669050216674805
70.0383529663086,15.548248291015625,5.669050216674805
70.0383529663086,15.548248291015625,5.669050216674805
70.02354431152344,16.043630599975586,5.669050216674805
70.02354431152344,16.043630599975586,5.669050216674805
70.02002716064453,16.526979446411133,5.669050216674805
70.00577545166016,17.00958824157715,5.669050216674805
70.00577545166016,17.00958824157715,5.669050216674805
70.00337219238281,17.49256706237793,5.669050216674805
70.00337219238281,17.49256706237793,5.669050216674805
70.00485229492188,17.980913162231445,5.669050216674805
70.0039291381836,18.47796058654785,5.667959213256836
70.0039291381836,18.47796058654785,5.667959213256836
69.99263763427734,18.966121673583984,5.666868209838867
69.98338317871094,19.44817352294922,5.665777683258057
69.98338317871094,19.44817352294922,5.665777683258057
69.97264862060547,19.940593719482422,5.666868209838867
69.97264862060547,19.940593719482422,5.666868209838867
69.97431182861328,20.42653465270996,5.665777683258057
69.96727752685547,20.90377426147461,5.665777683258057
69.96727752685547,20.90377426147461,5.665777683258057
69.9737548828125,21.395267486572266,5.666868209838867
69.96672058105469,21.890649795532227,5.665777683258057
69.96672058105469,21.890649795532227,5.665777683258057
69.9661636352539,22.378070831298828,5.665777683258057
69.97301483154297,22.88104248046875,5.665777683258057
69.97301483154297,22.88104248046875,5.665777683258057
69.97393798828125,23.382904052734375,5.665777683258057
69.97393798828125,23.382904052734375,5.665777683258057
69.9798583984375,23.889392852783203,5.666868209838867
69.9798583984375,23.889392852783203,5.666868209838867
69.9798583984375,23.889392852783203,5.667959213256836
69.9817123413086,24.404396057128906,5.667959213256836
69.98986053466797,24.918289184570312,5.667959213256836
69.98986053466797,24.918289184570312,5.667959213256836
69.99337768554688,25.42718505859375,5.667959213256836
69.99337768554688,25.42718505859375,5.667959213256836
70.00244903564453,25.940153121948242,5.667959213256836
70.01651763916016,26.45478630065918,5.667959213256836
70.01651763916016,26.45478630065918,5.667959213256836
70.02169799804688,26.976083755493164,5.667959213256836
70.03872680664062,27.500713348388672,5.669050216674805
70.03872680664062,27.500713348388672,5.667959213256836
70.04539489746094,28.03089714050293,5.666868209838867
70.04539489746094,28.03089714050293,5.666868209838867
70.0602035522461,28.547382354736328,5.667959213256836
70.0602035522461,28.547382354736328,5.6963210105896
70.06094360351562,29.065719604492188,5.6963210105896
70.0676040649414,29.58553695678711,5.6963210105896
70.0676040649414,29.58553695678711,5.69741153717041
70.0676040649414,30.10831642150879,5.69741153717041
70.0676040649414,30.10831642150879,5.717046737670898
70.06908416748047,30.62665367126465,5.717046737670898
70.07371520996094,31.14406394958496,5.717046737670898
70.07371520996094,31.14406394958496,5.717046737670898
70.07149505615234,31.66240119934082,5.743226528167725
70.07149505615234,31.66240119934082,5.743226528167725
70.06853485107422,32.17555236816406,5.744317531585693
70.07149505615234,32.696109771728516,5.744317531585693
70.07149505615234,32.696109771728516,5.7672247886657715
70.07389831542969,33.21352005004883,5.7672247886657715
70.07389831542969,33.21352005004883,5.7672247886657715
70.07649230957031,33.730003356933594,5.76831579208374
70.08612060546875,34.24834060668945,5.782496452331543
70.07778930664062,34.76797103881836,5.782496452331543
70.07778930664062,34.76797103881836,5.782496452331543
70.06964111328125,35.284828186035156,5.782496452331543
70.06964111328125,35.284828186035156,5.782496452331543
70.05593872070312,35.79909133911133,5.782496452331543
70.05186462402344,36.319278717041016,5.783587455749512
70.05186462402344,36.319278717041016,5.783587455749512
70.05001068115234,36.83576202392578,5.783587455749512
70.05001068115234,36.83576202392578,5.783587455749512
70.05186462402344,37.350765228271484,5.783587455749512
70.04668426513672,37.86391830444336,5.782496452331543
70.04668426513672,37.86391830444336,5.782496452331543
70.03539276123047,38.37688446044922,5.783587455749512
70.03946685791016,38.905216217041016,5.783587455749512
70.03946685791016,38.905216217041016,5.783587455749512
70.02983856201172,39.41762924194336,5.783587455749512
70.02983856201172,39.41762924194336,5.783587455749512
70.02668762207031,39.928375244140625,5.783587455749512
70.02706146240234,40.43338394165039,5.783587455749512
70.02706146240234,40.43338394165039,5.783587455749512
70.0170669555664,40.943946838378906,5.783587455749512
70.01299285888672,41.45746994018555,5.783587455749512
70.01299285888672,41.45746994018555,5.783587455749512
70.01113891601562,41.96543884277344,5.784677982330322
70.01113891601562,41.96543884277344,5.784677982330322
70.0046615600586,42.47285461425781,5.784677982330322
69.9948501586914,42.982120513916016,5.785768985748291
69.9948501586914,42.982120513916016,5.785768985748291
69.98040771484375,43.4911994934082,5.785768985748291
69.98040771484375,43.4911994934082,5.785768985748291
69.96392822265625,43.998985290527344,5.785768985748291
69.95967102050781,44.48788833618164,5.785768985748291
69.95967102050781,44.48788833618164,5.78685998916626
69.95967102050781,44.992897033691406,5.78685998916626
69.95967102050781,44.992897033691406,5.78685998916626
69.95689392089844,45.493648529052734,5.78685998916626
69.95689392089844,45.493648529052734,5.78795051574707
69.96281433105469,45.998287200927734,5.78795051574707
69.9733657836914,46.50977325439453,5.78795051574707
69.9733657836914,46.50977325439453,5.78685998916626
69.97058868408203,47.00571060180664,5.78685998916626
69.96892547607422,47.49868392944336,5.78795051574707
69.96892547607422,47.49868392944336,5.78795051574707
69.97225952148438,48.000728607177734,5.78795051574707
69.97225952148438,48.000728607177734,5.78795051574707
69.97817993164062,48.510921478271484,5.78795051574707
69.97428894042969,49.008338928222656,5.789041519165039
69.97428894042969,49.008338928222656,5.789041519165039
69.96651458740234,49.53074645996094,5.78795051574707
69.95762634277344,50.02390670776367,5.78685998916626
69.95762634277344,50.02390670776367,5.78685998916626
69.96373748779297,50.52946853637695,5.78685998916626
69.96373748779297,50.52946853637695,5.78685998916626
69.96133422851562,51.02910614013672,5.78685998916626
69.96355438232422,51.53448486328125,5.78685998916626
69.96355438232422,51.53448486328125,5.78685998916626
69.95929718017578,52.04338073730469,5.78795051574707
69.95337677001953,52.55134963989258,5.78795051574707
69.95337677001953,52.55134963989258,5.78795051574707
69.95226287841797,53.061912536621094,5.78685998916626
69.95226287841797,53.061912536621094,5.78685998916626
69.95226287841797,53.061912536621094,5.78685998916626
69.95226287841797,53.061912536621094,5.78685998916626
69.95226287841797,53.061912536621094,5.78685998916626
69.95226287841797,53.061912536621094,5.805403709411621
69.95226287841797,53.061912536621094,5.805403709411621
69.95226287841797,53.061912536621094,5.805403709411621
69.95226287841797,53.061912536621094,5.8010406494140625
69.95226287841797,53.061912536621094,5.818493843078613
69.95226287841797,53.061912536621094,5.819584846496582
69.95226287841797,53.061912536621094,5.820675373077393
69.95226287841797,53.061912536621094,5.821766376495361
69.95226287841797,53.061912536621094,5.82285737991333
69.95226287841797,53.061912536621094,5.837038040161133
69.95226287841797,53.061912536621094,5.839219570159912
69.95226287841797,53.061912536621094,5.840310573577881
69.95226287841797,53.061912536621094,5.840310573577881
69.95226287841797,53.061912536621094,5.855582237243652
69.95226287841797,53.061912536621094,5.856672763824463
69.95226287841797,53.061912536621094,5.857763767242432
69.95226287841797,53.061912536621094,5.857763767242432
69.95226287841797,53.061912536621094,5.8588547706604
69.95226287841797,53.061912536621094,5.8588547706604
69.95226287841797,53.061912536621094,5.859945297241211
69.95226287841797,53.061912536621094,5.859945297241211
69.85118865966797,52.960838317871094,5.8588547706604
69.85118865966797,52.960838317871094,5.8588547706604
69.56980895996094,52.95787811279297,5.859945297241211
69.56980895996094,52.95787811279297,5.859945297241211
69.23344421386719,52.94251251220703,5.86103630065918
68.86764526367188,52.98027801513672,5.86103630065918
68.86764526367188,52.98027801513672,5.86103630065918
68.43890380859375,53.03840637207031,5.86103630065918
68.43890380859375,53.03840637207031,5.86103630065918
67.97721099853516,53.10023498535156,5.86103630065918
67.47572326660156,53.16447067260742,5.862127304077148
67.47572326660156,53.16447067260742,5.862127304077148
66.975341796875,53.246849060058594,5.862127304077148
66.45089721679688,53.32515335083008,5.862127304077148
66.45089721679688,53.32515335083008,5.862127304077148
65.90367889404297,53.4084587097168,5.862127304077148
65.90367889404297,53.4084587097168,5.863217830657959
65.34942626953125,53.504722595214844,5.863217830657959
64.78591918945312,53.6306037902832,5.863217830657959
64.22111511230469,53.75074768066406,5.862127304077148
64.22111511230469,53.75074768066406,5.862127304077148
63.659461975097656,53.85108184814453,5.863217830657959
63.09206771850586,53.97455596923828,5.863217830657959
63.09206771850586,53.97455596923828,5.863217830657959
62.532447814941406,54.10136413574219,5.863217830657959
62.532447814941406,54.10136413574219,5.863217830657959
61.9569091796875,54.24372100830078,5.864308834075928
61.9569091796875,54.24372100830078,5.864308834075928
61.39210891723633,54.3675651550293,5.864308834075928
60.84822463989258,54.531211853027344,5.864308834075928
60.84822463989258,54.531211853027344,5.8653998374938965
60.30637741088867,54.67430877685547,5.8653998374938965
59.7595329284668,54.80907440185547,5.866490364074707
59.7595329284668,54.80907440185547,5.866490364074707
59.22879409790039,54.933658599853516,5.867581367492676
59.22879409790039,54.933658599853516,5.867581367492676
58.69675827026367,55.062503814697266,5.867581367492676
58.17453384399414,55.18301773071289,5.868671894073486
58.17453384399414,55.18301773071289,5.868671894073486
57.6621208190918,55.30556869506836,5.869762897491455
57.15729904174805,55.41941833496094,5.870853900909424
57.15729904174805,55.41941833496094,5.870853900909424
56.64173889160156,55.54548645019531,5.871944427490234
56.13006591796875,55.65951919555664,5.873035430908203
56.13006591796875,55.65951919555664,5.873035430908203
55.62357711791992,55.7742919921875,5.873035430908203
55.62357711791992,55.7742919921875,5.873035430908203
55.120792388916016,55.89054870605469,5.873035430908203
54.62504196166992,56.000511169433594,5.873035430908203
54.62504196166992,56.000511169433594,5.873035430908203
54.127994537353516,56.1173210144043,5.873035430908203
53.66722869873047,56.19858932495117,5.873035430908203
53.66722869873047,56.19858932495117,5.873035430908203
53.18684387207031,56.261714935302734,5.873035430908203
53.18684387207031,56.261714935302734,5.870853900909424
52.716453552246094,56.31114196777344,5.870853900909424
52.23625183105469,56.35260772705078,5.870853900909424
52.23625183105469,56.35260772705078,5.870853900909424
52.05964660644531,56.688045501708984,5.870853900909424
51.61850357055664,56.742286682128906,5.869762897491455
51.61850357055664,56.742286682128906,5.868671894073486
51.1544075012207,56.761722564697266,5.869762897491455
51.1544075012207,56.761722564697266,5.867581367492676
50.695308685302734,56.800968170166016,5.8653998374938965
50.24139404296875,56.839473724365234,5.863217830657959
50.24139404296875,56.839473724365234,5.864308834075928
49.80950927734375,56.86409378051758,5.863217830657959
49.36003875732422,56.88001251220703,5.863217830657959
49.36003875732422,56.88001251220703,5.862127304077148
48.902976989746094,56.89056396484375,5.86103630065918
48.902976989746094,56.89056396484375,5.86103630065918
48.41370391845703,56.87001419067383,5.86103630065918
47.944610595703125,56.843727111816406,5.859945297241211
47.944610595703125,56.843727111816406,5.859945297241211
47.4807014465332,56.83706283569336,5.859945297241211
46.985504150390625,56.817626953125,5.859945297241211
46.985504150390625,56.817626953125,5.859945297241211
46.48789978027344,56.7961540222168,5.859945297241211
46.48789978027344,56.7961540222168,5.859945297241211
45.99325942993164,56.783565521240234,5.8588547706604
45.99325942993164,56.783565521240234,5.8588547706604
45.47270202636719,56.7624626159668,5.8588547706604
44.9536247253418,56.73247146606445,5.8588547706604
44.9536247253418,56.73247146606445,5.8588547706604
44.44287872314453,56.71969985961914,5.8588547706604
43.92676544189453,56.69711685180664,5.8588547706604
43.92676544189453,56.69711685180664,5.857763767242432
43.38862228393555,56.67582702636719,5.8588547706604
43.38862228393555,56.67582702636719,5.8588547706604
42.87583923339844,56.674346923828125,5.8588547706604
42.35620880126953,56.663055419921875,5.857763767242432
42.35620880126953,56.663055419921875,5.857763767242432
41.83472442626953,56.66657257080078,5.857763767242432
41.83472442626953,56.66657257080078,5.857763767242432
41.31638717651367,56.66509246826172,5.857763767242432
40.78472137451172,56.660648345947266,5.857763767242432
40.78472137451172,56.660648345947266,5.857763767242432
40.26082992553711,56.65361404418945,5.856672763824463
40.26082992553711,56.65361404418945,5.856672763824463
39.751380920410156,56.677310943603516,5.856672763824463
39.22934341430664,56.68027114868164,5.855582237243652
39.22934341430664,56.68027114868164,5.855582237243652
38.69416046142578,56.673789978027344,5.856672763824463
38.69416046142578,56.673789978027344,5.856672763824463
38.18230438232422,56.70137405395508,5.856672763824463
37.674888610839844,56.70896530151367,5.863217830657959
37.674888610839844,56.70896530151367,5.863217830657959
37.154701232910156,56.708595275878906,5.863217830657959
36.644508361816406,56.719703674316406,5.863217830657959
36.644508361816406,56.719703674316406,5.863217830657959
36.119876861572266,56.729698181152344,5.863217830657959
36.119876861572266,56.729698181152344,5.862127304077148
35.594505310058594,56.73377227783203,5.862127304077148
35.594505310058594,56.73377227783203,5.862127304077148
35.08116912841797,56.747657775878906,5.864308834075928
34.57597732543945,56.75783920288086,5.864308834075928
34.57597732543945,56.75783920288086,5.864308834075928
34.055233001708984,56.7598762512207,5.863217830657959
34.055233001708984,56.7598762512207,5.864308834075928
33.5396728515625,56.76191329956055,5.8653998374938965
33.03947830200195,56.763023376464844,5.8653998374938965
33.03947830200195,56.763023376464844,5.8653998374938965
32.52521514892578,56.768577575683594,5.8653998374938965
32.014652252197266,56.75709915161133,5.8653998374938965
32.014652252197266,56.75709915161133,5.866490364074707
31.5100154876709,56.76598358154297,5.866490364074707
31.5100154876709,56.76598358154297,5.867581367492676
31.001861572265625,56.75876235961914,5.867581367492676
30.47797203063965,56.75172805786133,5.866490364074707
30.47797203063965,56.75172805786133,5.866490364074707
29.96278190612793,56.75709533691406,5.866490364074707
29.96278190612793,56.75709533691406,5.866490364074707
29.439632415771484,56.752281188964844,5.8653998374938965
28.92777442932129,56.7276611328125,5.866490364074707
28.92777442932129,56.7276611328125,5.870853900909424
28.429616928100586,56.724143981933594,5.870853900909424
28.429616928100586,56.724143981933594,5.869762897491455
27.914241790771484,56.71451950073242,5.869762897491455
27.40108871459961,56.71377944946289,5.871944427490234
27.40108871459961,56.71377944946289,5.871944427490234
26.89145278930664,56.718406677246094,5.871944427490234
26.89145278930664,56.718406677246094,5.871944427490234
26.370155334472656,56.71766662597656,5.873035430908203
26.370155334472656,56.71766662597656,5.873035430908203
25.85441017150879,56.70174789428711,5.874126434326172
25.349403381347656,56.698787689208984,5.874126434326172
25.349403381347656,56.698787689208984,5.874126434326172
24.832733154296875,56.70341491699219,5.874126434326172
24.319210052490234,56.69267654418945,5.875216960906982
24.319210052490234,56.69267654418945,5.874126434326172
23.81105613708496,56.71285629272461,5.874126434326172
23.81105613708496,56.71285629272461,5.874126434326172
23.292348861694336,56.713966369628906,5.874126434326172
22.7834529876709,56.71489334106445,5.874126434326172
22.7834529876709,56.71489334106445,5.874126434326172
22.27140998840332,56.71452331542969,5.873035430908203
21.755664825439453,56.707489013671875,5.873035430908203
21.755664825439453,56.707489013671875,5.871944427490234
21.244548797607422,56.69656753540039,5.873035430908203
20.7465763092041,56.70656204223633,5.873035430908203
20.7465763092041,56.70656204223633,5.871944427490234
20.234163284301758,56.704341888427734,5.870853900909424
20.234163284301758,56.704341888427734,5.870853900909424
19.727304458618164,56.690643310546875,5.870853900909424
19.228961944580078,56.69730758666992,5.870853900909424
19.228961944580078,56.69730758666992,5.869762897491455
18.709144592285156,56.698787689208984,5.869762897491455
18.709144592285156,56.698787689208984,5.869762897491455
18.196731567382812,56.708412170410156,5.869762897491455
17.69986915588379,56.70730209350586,5.869762897491455
17.69986915588379,56.70730209350586,5.868671894073486
17.19338035583496,56.708412170410156,5.868671894073486
16.689298629760742,56.71044921875,5.867581367492676
16.689298629760742,56.71044921875,5.866490364074707
16.182069778442383,56.70859909057617,5.867581367492676
16.182069778442383,56.70859909057617,5.866490364074707
15.672618865966797,56.70341491699219,5.866490364074707
15.164834022521973,56.70174789428711,5.866490364074707
15.164834022521973,56.70174789428711,5.866490364074707
14.653717041015625,56.70748519897461,5.867581367492676
14.653717041015625,56.70748519897461,5.867581367492676
14.157224655151367,56.71562957763672,5.866490364074707
13.644997596740723,56.71248245239258,5.866490364074707
13.644997596740723,56.71248245239258,5.866490364074707
13.139249801635742,56.71211242675781,5.866490364074707
13.139249801635742,56.71211242675781,5.867581367492676
12.626837730407715,56.70915222167969,5.867581367492676
12.11275863647461,56.69304656982422,5.866490364074707
12.11275863647461,56.69304656982422,5.867581367492676
11.592756271362305,56.695823669433594,5.867581367492676
11.087563514709473,56.702301025390625,5.867581367492676
11.087563514709473,56.702301025390625,5.867581367492676
10.56552505493164,56.70674514770508,5.867581367492676
10.56552505493164,56.70674514770508,5.868671894073486
10.04737377166748,56.712852478027344,5.868671894073486
9.545883178710938,56.724143981933594,5.868671894073486
9.545883178710938,56.724143981933594,5.869762897491455
9.034581184387207,56.73747253417969,5.869762897491455
9.034581184387207,56.73747253417969,5.869762897491455
8.538829803466797,56.74932098388672,5.870853900909424
8.538829803466797,56.74932098388672,5.870853900909424
8.538829803466797,56.74932098388672,5.870853900909424
8.025121688842773,56.75617218017578,5.870853900909424
8.025121688842773,56.75617218017578,5.870853900909424
7.499380588531494,56.759132385253906,5.873035430908203
7.499380588531494,56.759132385253906,5.874126434326172
6.9964094161987305,56.76449966430664,5.874126434326172
6.49362325668335,56.78227233886719,5.874126434326172
6.49362325668335,56.78227233886719,5.874126434326172
5.975286960601807,56.78597640991211,5.876307964324951
5.975286960601807,56.78597640991211,5.876307964324951
5.468613147735596,56.794307708740234,5.876307964324951
4.954534530639648,56.800785064697266,5.876307964324951
4.954534530639648,56.800785064697266,5.885034561157227
4.426942348480225,56.79597091674805,5.885034561157227
4.426942348480225,56.79597091674805,5.886125564575195
3.911938190460205,56.8015251159668,5.886125564575195
3.4024877548217773,56.81003952026367,5.882853031158447
3.4024877548217773,56.81003952026367,5.882853031158447
2.8880388736724854,56.803932189941406,5.882853031158447
2.3758115768432617,56.815223693847656,5.883943557739258
2.3758115768432617,56.815223693847656,5.883943557739258
1.8704335689544678,56.82373809814453,5.883943557739258
1.8704335689544678,56.82373809814453,5.885034561157227
1.522222638130188,56.81503677368164,5.885034561157227
1.522222638130188,56.81503677368164,5.885034561157227
1.522222638130188,56.81503677368164,5.885034561157227
1.522222638130188,56.81503677368164,5.886125564575195
0.9553847908973694,56.795413970947266,5.886125564575195
0.9553847908973694,56.795413970947266,5.887216091156006
0.3970625400543213,56.76209259033203,5.887216091156006
0.3970625400543213,56.76209259033203,5.888307094573975
0.2961720824241638,56.66120147705078,5.890488624572754
0.2961720824241638,56.66120147705078,5.891579627990723
0.2961720824241638,56.66120147705078,5.894852161407471
0.2961720824241638,56.66120147705078,5.898124694824219
0.2961720824241638,56.66120147705078,5.898124694824219
0.2961720824241638,56.66120147705078,5.89703369140625
0.2961720824241638,56.66120147705078,5.89703369140625
0.2961720824241638,56.66120147705078,5.900306224822998
0.2961720824241638,56.66120147705078,5.901397228240967
0.2961720824241638,56.66120147705078,5.901397228240967
0.2961720824241638,56.66120147705078,5.901397228240967
0.2961720824241638,56.66120147705078,5.901397228240967
0.2961720824241638,56.66120147705078,5.902487754821777
0.2961720824241638,56.66120147705078,5.903578758239746
0.2961720824241638,56.66120147705078,5.904669761657715
0.2961720824241638,56.66120147705078,5.905760288238525
0.2961720824241638,56.66120147705078,5.905760288238525
0.2961720824241638,56.66120147705078,5.905760288238525
0.2961720824241638,56.66120147705078,5.906851291656494
0.2961720824241638,56.66120147705078,5.904669761657715
0.2961720824241638,56.66120147705078,5.903578758239746
0.2961720824241638,56.66120147705078,5.902487754821777
0.2961720824241638,56.66120147705078,5.902487754821777
0.2961720824241638,56.66120147705078,5.903578758239746
0.2961720824241638,56.66120147705078,5.902487754821777
0.30931565165519714,56.45627212524414,5.901397228240967
0.30931565165519714,56.45627212524414,5.900306224822998
0.18250839412212372,56.329463958740234,5.901397228240967
-0.013163536787033081,56.133792877197266,5.905760288238525
-0.013163536787033081,56.133792877197266,5.906851291656494
-0.2601137161254883,55.8868408203125,5.906851291656494
-0.2601137161254883,55.8868408203125,5.906851291656494
-0.5355724096298218,55.61138153076172,5.907941818237305
-0.8162144422531128,55.33073806762695,5.907941818237305
-0.8162144422531128,55.33073806762695,5.907941818237305
-1.1185154914855957,55.028438568115234,5.907941818237305
-1.1185154914855957,55.028438568115234,5.907941818237305
-1.4337749481201172,54.71318054199219,5.907941818237305
-1.4337749481201172,54.71318054199219,5.910123825073242
-1.7681018114089966,54.37885284423828,5.910123825073242
-2.1198298931121826,54.02712631225586,5.910123825073242
-2.1198298931121826,54.02712631225586,5.911214351654053
-2.4826653003692627,53.66429138183594,5.911214351654053
-2.4826653003692627,53.66429138183594,5.910123825073242
-2.853275775909424,53.29368209838867,5.910123825073242
-3.2325868606567383,52.914371490478516,5.907941818237305
-3.2325868606567383,52.914371490478516,5.906851291656494
-3.6189324855804443,52.52802658081055,5.906851291656494
-3.6189324855804443,52.52802658081055,5.906851291656494
-4.0167555809021,52.13020324707031,5.905760288238525
-4.3942155838012695,51.752742767333984,5.902487754821777
-4.3942155838012695,51.752742767333984,5.901397228240967
-4.78778076171875,51.35917663574219,5.901397228240967
-4.78778076171875,51.35917663574219,5.900306224822998
-5.175607204437256,50.971351623535156,5.900306224822998
-5.175607204437256,50.971351623535156,5.900306224822998
-5.571023941040039,50.57593536376953,5.901397228240967
-5.956443786621094,50.190513610839844,5.902487754821777
-5.956443786621094,50.190513610839844,5.901397228240967
-6.341123580932617,49.80583572387695,5.901397228240967
-6.341123580932617,49.80583572387695,5.901397228240967
-6.630466461181641,49.354698181152344,5.902487754821777
-6.888153553009033,48.876346588134766,5.902487754821777
-6.888153553009033,48.876346588134766,5.902487754821777
-7.132327079772949,48.391517639160156,5.902487754821777
-7.132327079772949,48.391517639160156,5.901397228240967
-7.369836330413818,48.371337890625,5.895942687988281
-7.422410488128662,47.98554611206055,5.895942687988281
-7.422410488128662,47.98554611206055,5.898124694824219
-7.541812896728516,47.5369987487793,5.899215221405029
-7.541812896728516,47.5369987487793,5.899215221405029
-7.627338409423828,47.06235122680664,5.89703369140625
-7.696017742156982,46.58381652832031,5.89703369140625
-7.696017742156982,46.58381652832031,5.898124694824219
-7.748776912689209,46.100467681884766,5.900306224822998
-7.748776912689209,46.100467681884766,5.900306224822998
-7.767844200134277,45.59675598144531,5.900306224822998
-7.774138450622559,45.08952713012695,5.899215221405029
-7.774138450622559,45.08952713012695,5.899215221405029
-7.766178131103516,44.59618377685547,5.899215221405029
-7.766178131103516,44.59618377685547,5.899215221405029
-7.76414155960083,44.10098648071289,5.899215221405029
-7.747295379638672,43.57320785522461,5.899215221405029
-7.747295379638672,43.57320785522461,5.899215221405029
-7.703421592712402,43.05727767944336,5.899215221405029
-7.646589756011963,42.54023742675781,5.898124694824219
-7.646589756011963,42.54023742675781,5.89703369140625
-7.608454704284668,42.028564453125,5.89703369140625
-7.608454704284668,42.028564453125,5.898124694824219
-7.556621074676514,41.51319122314453,5.898124694824219
-7.509600639343262,40.99781799316406,5.89703369140625
-7.509600639343262,40.99781799316406,5.895942687988281
-7.479240894317627,40.45615768432617,5.895942687988281
-7.479240894317627,40.45615768432617,5.895942687988281
-7.4314799308776855,39.924861907958984,5.89703369140625
-7.3937153816223145,39.40430450439453,5.89703369140625
-7.3937153816223145,39.40430450439453,5.89703369140625
-7.367983818054199,38.87800979614258,5.895942687988281
-7.353729248046875,38.35060119628906,5.895942687988281
-7.353729248046875,38.35060119628906,5.895942687988281
-7.353729248046875,38.35060119628906,5.895942687988281
-7.353729248046875,38.35060119628906,5.895942687988281
-7.355950355529785,37.827823638916016,5.894852161407471
-7.359097480773926,37.30337905883789,5.894852161407471
-7.359097480773926,37.30337905883789,5.894852161407471
-7.342436790466309,36.783931732177734,5.895942687988281
-7.339289665222168,36.27022171020508,5.89703369140625
-7.339289665222168,36.27022171020508,5.895942687988281
-7.34410285949707,35.754478454589844,5.895942687988281
-7.390382766723633,35.25798797607422,5.895942687988281
-7.390382766723633,35.25798797607422,5.895942687988281
-7.450546741485596,34.759830474853516,5.894852161407471
-7.521447658538818,34.26167297363281,5.893761157989502
-7.521447658538818,34.26167297363281,5.891579627990723
-7.60771369934082,33.76592254638672,5.891579627990723
-7.60771369934082,33.76592254638672,5.892670631408691
-7.713232040405273,33.28276062011719,5.893761157989502
-7.816343784332275,32.81792449951172,5.894852161407471
-7.816343784332275,32.81792449951172,5.893761157989502
-7.93426513671875,32.35160827636719,5.893761157989502
-7.93426513671875,32.35160827636719,5.893761157989502
-8.07884407043457,31.879365921020508,5.893761157989502
-8.23934268951416,31.40342140197754,5.894852161407471
-8.23934268951416,31.40342140197754,5.894852161407471
-8.403359413146973,30.924701690673828,5.893761157989502
-8.403359413146973,30.924701690673828,5.893761157989502
-8.587183952331543,30.43431854248047,5.893761157989502
-8.742499351501465,29.96763038635254,5.893761157989502
-8.742499351501465,29.96763038635254,5.893761157989502
-8.901331901550293,29.49224281311035,5.893761157989502
-9.06719970703125,29.0053768157959,5.893761157989502
-9.06719970703125,29.0053768157959,5.892670631408691
-9.232141494750977,28.5286922454834,5.892670631408691
-9.404303550720215,28.044788360595703,5.892670631408691
-9.404303550720215,28.044788360595703,5.891579627990723
-9.580167770385742,27.571250915527344,5.891579627990723
-9.580167770385742,27.571250915527344,5.891579627990723
-9.75362491607666,27.088642120361328,5.891579627990723
-9.922639846801758,26.62454605102539,5.891579627990723
-9.922639846801758,26.62454605102539,5.891579627990723
-10.082398414611816,26.14712142944336,5.891579627990723
-10.238454818725586,25.668214797973633,5.891579627990723
-10.238454818725586,25.668214797973633,5.890488624572754
-10.397843360900879,25.190420150756836,5.890488624572754
-10.397843360900879,25.190420150756836,5.890488624572754
-10.526871681213379,24.69522476196289,5.891579627990723
-10.609435081481934,24.202434539794922,5.891579627990723
-10.609435081481934,24.202434539794922,5.890488624572754
-10.609435081481934,24.202434539794922,5.889398097991943
-10.641645431518555,23.701129913330078,5.887216091156006
-10.641645431518555,23.701129913330078,5.883943557739258
-10.67348575592041,23.2001953125,5.87739896774292
-10.67348575592041,23.2001953125,5.875216960906982
-10.697736740112305,22.692411422729492,5.874126434326172
-10.710139274597168,22.165374755859375,5.874126434326172
-10.710139274597168,22.165374755859375,5.873035430908203
-10.703474998474121,21.635190963745117,5.871944427490234
-10.680890083312988,21.113521575927734,5.870853900909424
-10.680890083312988,21.113521575927734,5.870853900909424
-10.665525436401367,20.593149185180664,5.870853900909424
-10.665525436401367,20.593149185180664,5.871944427490234
-10.632389068603516,20.083513259887695,5.871944427490234
-10.599992752075195,19.564620971679688,5.871944427490234
-10.599992752075195,19.564620971679688,5.871944427490234
-10.55945110321045,19.052762985229492,5.871944427490234
-10.528535842895508,18.54905128479004,5.873035430908203
-10.528535842895508,18.54905128479004,5.873035430908203
-10.473740577697754,18.070331573486328,5.873035430908203
-10.473740577697754,18.070331573486328,5.874126434326172
-10.445232391357422,17.572359085083008,5.874126434326172
-10.421351432800293,17.065685272216797,5.873035430908203
-10.421351432800293,17.065685272216797,5.873035430908203
-10.405430793762207,16.555864334106445,5.873035430908203
-10.39321231842041,16.043081283569336,5.874126434326172
-10.39321231842041,16.043081283569336,5.875216960906982
-10.375995635986328,15.533815383911133,5.875216960906982
-10.368961334228516,15.020292282104492,5.875216960906982
-10.368961334228516,15.020292282104492,5.875216960906982
-10.373218536376953,14.504733085632324,5.875216960906982
-10.373218536376953,14.504733085632324,5.875216960906982
-10.389324188232422,13.991394996643066,5.875216960906982
-10.389324188232422,13.991394996643066,5.874126434326172
-10.401726722717285,13.463617324829102,5.874126434326172
-10.393396377563477,12.940652847290039,5.874126434326172
-10.393396377563477,12.940652847290039,5.875216960906982
-10.400986671447754,12.424722671508789,5.875216960906982
-10.400986671447754,12.424722671508789,5.874126434326172
-10.408761978149414,11.917123794555664,5.874126434326172
-10.428939819335938,11.415633201599121,5.874126434326172
-10.428939819335938,11.415633201599121,5.875216960906982
-10.445415496826172,10.899703025817871,5.875216960906982
-10.445415496826172,10.899703025817871,5.874126434326172
-10.46152114868164,10.381181716918945,5.874126434326172
-10.470406532287598,9.875062942504883,5.874126434326172
-10.470406532287598,9.875062942504883,5.874126434326172
-10.491880416870117,9.361539840698242,5.874126434326172
-10.508541107177734,8.840241432189941,5.874126434326172
-10.508541107177734,8.840241432189941,5.875216960906982
-10.517426490783691,8.335973739624023,5.875216960906982
-10.525941848754883,7.816896915435791,5.875216960906982
-10.525941848754883,7.816896915435791,5.874126434326172
-10.529644012451172,7.301522254943848,5.874126434326172
-10.529644012451172,7.301522254943848,5.875216960906982
-10.545378684997559,6.806325912475586,5.876307964324951
-10.552227973937988,6.2952094078063965,5.875216960906982
-10.552227973937988,6.2952094078063965,5.875216960906982
-10.555745124816895,5.79038667678833,5.874126434326172
-10.634976387023926,5.869617938995361,5.874126434326172
-10.634976387023926,5.869617938995361,5.873035430908203
-10.55833625793457,5.946257591247559,5.870853900909424
-10.55833625793457,5.946257591247559,5.870853900909424
-10.55833625793457,5.946257591247559,5.871944427490234
-10.55833625793457,5.946257591247559,5.869762897491455
-10.55833625793457,5.946257591247559,5.869762897491455
-10.55833625793457,5.946257591247559,5.871944427490234
-10.55833625793457,5.946257591247559,5.873035430908203
-10.55833625793457,5.946257591247559,5.873035430908203
-10.55833625793457,5.946257591247559,5.873035430908203
-10.55833625793457,5.946257591247559,5.874126434326172
-10.55833625793457,5.946257591247559,5.876307964324951
-10.55833625793457,5.946257591247559,5.876307964324951
-10.55833625793457,5.946257591247559,5.876307964324951
-10.55833625793457,5.946257591247559,5.875216960906982
-10.55833625793457,5.946257591247559,5.874126434326172
-10.55833625793457,5.946257591247559,5.876307964324951
-10.55833625793457,5.946257591247559,5.87739896774292
-10.55833625793457,5.946257591247559,5.87739896774292
-10.55833625793457,5.946257591247559,5.87739896774292
-10.55833625793457,5.946257591247559,5.875216960906982
-10.55833625793457,5.946257591247559,5.875216960906982
-10.55833625793457,5.946257591247559,5.876307964324951
-10.55833625793457,5.946257591247559,5.876307964324951
-10.55833625793457,5.946257591247559,5.87739896774292
-10.55833625793457,5.946257591247559,5.876307964324951
-10.55833625793457,5.946257591247559,5.876307964324951
-10.55833625793457,5.946257591247559,5.876307964324951
-10.55833625793457,5.946257591247559,5.876307964324951
-10.55833625793457,5.946257591247559,5.876307964324951
-10.55833625793457,5.946257591247559,5.876307964324951
-10.55833625793457,5.946257591247559,5.876307964324951
-10.55833625793457,5.946257591247559,5.876307964324951
-10.55833625793457,5.946257591247559,5.876307964324951
-10.55833625793457,5.946257591247559,5.876307964324951
-10.55833625793457,5.946257591247559,5.876307964324951
-10.55833625793457,5.946257591247559,5.876307964324951
-10.55833625793457,5.946257591247559,5.876307964324951
-10.55833625793457,5.946257591247559,5.876307964324951
-10.55833625793457,5.946257591247559,5.876307964324951
-10.55833625793457,5.946257591247559,5.876307964324951
-10.55833625793457,5.946257591247559,5.876307964324951
-10.55833625793457,5.946257591247559,5.876307964324951
-10.55833625793457,5.946257591247559,5.876307964324951
-10.55833625793457,5.946257591247559,5.876307964324951
-10.55833625793457,5.946257591247559,5.876307964324951
-10.55833625793457,5.946257591247559,5.876307964324951
-10.55833625793457,5.946257591247559,5.876307964324951
-10.55833625793457,5.946257591247559,5.876307964324951
-10.55833625793457,5.946257591247559,5.876307964324951
-10.55833625793457,5.946257591247559,5.876307964324951
-10.55833625793457,5.946257591247559,5.876307964324951
-10.55833625793457,5.946257591247559,5.876307964324951
-10.55833625793457,5.946257591247559,5.876307964324951
-10.55833625793457,5.946257591247559,5.876307964324951
-10.55833625793457,5.946257591247559,5.876307964324951
-10.55833625793457,5.946257591247559,5.876307964324951
-10.55833625793457,5.946257591247559,5.876307964324951
-10.55833625793457,5.946257591247559,5.876307964324951
-10.55833625793457,5.946257591247559,5.876307964324951
-10.55833625793457,5.946257591247559,5.876307964324951
-10.55833625793457,5.946257591247559,5.876307964324951
-10.55833625793457,5.946257591247559,5.876307964324951
-10.55833625793457,5.946257591247559,5.876307964324951
-10.55833625793457,5.946257591247559,5.876307964324951
-10.55833625793457,5.946257591247559,5.876307964324951
-10.55833625793457,5.946257591247559,5.876307964324951
-10.55833625793457,5.946257591247559,5.876307964324951
-10.55833625793457,5.946257591247559,5.876307964324951
-10.55833625793457,5.946257591247559,5.876307964324951
-10.55833625793457,5.946257591247559,5.876307964324951
-10.55833625793457,5.946257591247559,5.876307964324951
-10.55833625793457,5.946257591247559,5.876307964324951
-10.55833625793457,5.946257591247559,5.876307964324951
-10.55833625793457,5.946257591247559,5.876307964324951
-10.55833625793457,5.946257591247559,5.876307964324951
-10.55833625793457,5.946257591247559,5.876307964324951
-10.55833625793457,5.946257591247559,5.876307964324951
-10.55833625793457,5.946257591247559,5.876307964324951
-10.55833625793457,5.946257591247559,5.876307964324951
-10.55833625793457,5.946257591247559,5.876307964324951
-10.55833625793457,5.946257591247559,5.876307964324951
-10.55833625793457,5.946257591247559,5.876307964324951
-10.55833625793457,5.946257591247559,5.876307964324951
-10.55833625793457,5.946257591247559,5.876307964324951
-10.55833625793457,5.946257591247559,5.876307964324951
-10.55833625793457,5.946257591247559,5.876307964324951
-10.55833625793457,5.946257591247559,5.876307964324951
-10.55833625793457,5.946257591247559,5.876307964324951
-10.55833625793457,5.946257591247559,5.876307964324951
-10.55833625793457,5.946257591247559,5.876307964324951
-10.55833625793457,5.946257591247559,5.876307964324951
-10.55833625793457,5.946257591247559,5.876307964324951
-10.55833625793457,5.946257591247559,5.876307964324951
-10.55833625793457,5.946257591247559,5.876307964324951
-10.55833625793457,5.946257591247559,5.876307964324951
-10.55833625793457,5.946257591247559,5.876307964324951
-10.55833625793457,5.946257591247559,5.876307964324951
-10.55833625793457,5.946257591247559,5.876307964324951
-10.55833625793457,5.946257591247559,5.876307964324951
-10.55833625793457,5.946257591247559,5.876307964324951
-10.55833625793457,5.946257591247559,5.876307964324951
-10.55833625793457,5.946257591247559,5.876307964324951
-10.55833625793457,5.946257591247559,5.876307964324951
-10.55833625793457,5.946257591247559,5.876307964324951
-10.55833625793457,5.946257591247559,5.876307964324951
-10.55833625793457,5.946257591247559,5.876307964324951
-10.55833625793457,5.946257591247559,5.876307964324951
-10.55833625793457,5.946257591247559,5.876307964324951
-10.55833625793457,5.946257591247559,5.876307964324951
-10.55833625793457,5.946257591247559,5.876307964324951
-10.55833625793457,5.946257591247559,5.876307964324951
-10.55833625793457,5.946257591247559,5.876307964324951
-10.55833625793457,5.946257591247559,5.855582237243652
-10.55833625793457,5.946257591247559,5.855582237243652
-10.55833625793457,5.946257591247559,5.855582237243652
-10.55833625793457,5.946257591247559,5.855582237243652
-10.55833625793457,5.946257591247559,5.855582237243652
-10.55833625793457,5.946257591247559,5.855582237243652
-10.55833625793457,5.946257591247559,5.855582237243652
-10.55833625793457,5.946257591247559,5.855582237243652
-10.55833625793457,5.946257591247559,5.855582237243652
-10.55833625793457,5.946257591247559,5.855582237243652
-10.55833625793457,5.946257591247559,5.855582237243652
-10.55833625793457,5.946257591247559,5.855582237243652
-10.55833625793457,5.946257591247559,5.855582237243652
-10.55833625793457,5.946257591247559,5.855582237243652
-10.55833625793457,5.946257591247559,5.855582237243652
-10.55833625793457,5.946257591247559,5.855582237243652
-10.55833625793457,5.946257591247559,5.855582237243652
-10.55833625793457,5.946257591247559,5.855582237243652
-10.55833625793457,5.946257591247559,5.855582237243652
-10.55833625793457,5.946257591247559,5.855582237243652
-10.55833625793457,5.946257591247559,5.855582237243652
-10.55833625793457,5.946257591247559,5.855582237243652
-10.55833625793457,5.946257591247559,5.855582237243652
-10.55833625793457,5.946257591247559,5.855582237243652
-10.55833625793457,5.946257591247559,5.855582237243652
-10.55833625793457,5.946257591247559,5.855582237243652
-10.55833625793457,5.946257591247559,5.855582237243652
-10.55833625793457,5.946257591247559,5.855582237243652
-10.55833625793457,5.946257591247559,5.855582237243652
-10.55833625793457,5.946257591247559,5.855582237243652
-10.55833625793457,5.946257591247559,5.855582237243652
-10.55833625793457,5.946257591247559,5.855582237243652
-10.55833625793457,5.946257591247559,5.855582237243652
-10.55833625793457,5.946257591247559,5.855582237243652
-10.55833625793457,5.946257591247559,5.855582237243652
-10.55833625793457,5.946257591247559,5.855582237243652
-10.55833625793457,5.946257591247559,5.855582237243652
-10.55833625793457,5.946257591247559,5.855582237243652
-10.55833625793457,5.946257591247559,5.855582237243652
-10.55833625793457,5.946257591247559,5.855582237243652
-10.55833625793457,5.946257591247559,5.855582237243652
-10.55833625793457,5.946257591247559,5.855582237243652
-10.55833625793457,5.946257591247559,5.855582237243652
-10.55833625793457,5.946257591247559,5.855582237243652
-10.55833625793457,5.946257591247559,5.855582237243652
-10.55833625793457,5.946257591247559,5.855582237243652
-10.55833625793457,5.946257591247559,5.855582237243652
-10.55833625793457,5.946257591247559,5.855582237243652
-10.55833625793457,5.946257591247559,5.855582237243652
-10.55833625793457,5.946257591247559,5.855582237243652
-10.55833625793457,5.946257591247559,5.855582237243652
-10.55833625793457,5.946257591247559,5.855582237243652
-10.55833625793457,5.946257591247559,5.855582237243652
-10.55833625793457,5.946257591247559,5.855582237243652
-10.55833625793457,5.946257591247559,5.855582237243652
-10.55833625793457,5.946257591247559,5.855582237243652
-10.55833625793457,5.946257591247559,5.855582237243652
-10.55833625793457,5.946257591247559,5.855582237243652
-10.55833625793457,5.946257591247559,5.855582237243652
-10.55833625793457,5.946257591247559,5.855582237243652
-10.55833625793457,5.946257591247559,5.855582237243652
-10.55833625793457,5.946257591247559,5.855582237243652
-10.55833625793457,5.946257591247559,5.855582237243652
-10.55833625793457,5.946257591247559,5.855582237243652
-10.55833625793457,5.946257591247559,5.855582237243652
-10.55833625793457,5.946257591247559,-29.888776779174805
-10.55833625793457,5.946257591247559,5.855582237243652
-10.55833625793457,5.946257591247559,5.855582237243652
-10.55833625793457,5.946257591247559,5.855582237243652
-10.55833625793457,5.946257591247559,5.855582237243652
-10.55833625793457,5.946257591247559,5.855582237243652
-10.55833625793457,5.946257591247559,5.855582237243652
-10.55833625793457,5.946257591247559,5.855582237243652
-10.55833625793457,5.946257591247559,5.855582237243652
-10.55833625793457,5.946257591247559,5.855582237243652
-10.55833625793457,5.946257591247559,5.855582237243652
-10.55833625793457,5.946257591247559,5.855582237243652
-10.55833625793457,5.946257591247559,5.855582237243652
-10.55833625793457,5.946257591247559,5.855582237243652
-10.55833625793457,5.946257591247559,5.855582237243652
-10.55833625793457,5.946257591247559,5.855582237243652
-10.55833625793457,5.946257591247559,5.855582237243652
-10.55833625793457,5.946257591247559,5.855582237243652
-10.55833625793457,5.946257591247559,5.855582237243652
-10.55833625793457,5.946257591247559,5.855582237243652
-10.55833625793457,5.946257591247559,5.855582237243652
-10.55833625793457,5.946257591247559,5.855582237243652
-10.55833625793457,5.946257591247559,5.855582237243652
-10.55833625793457,5.946257591247559,5.855582237243652
-10.55833625793457,5.946257591247559,5.855582237243652
-10.55833625793457,5.946257591247559,5.855582237243652
-10.55833625793457,5.946257591247559,5.855582237243652
-10.55833625793457,5.946257591247559,5.855582237243652
-10.55833625793457,5.946257591247559,5.855582237243652
-10.55833625793457,5.946257591247559,5.855582237243652
-10.55833625793457,5.946257591247559,5.855582237243652
-10.55833625793457,5.946257591247559,5.855582237243652
-10.55833625793457,5.946257591247559,5.855582237243652
-10.55833625793457,5.946257591247559,5.855582237243652
-10.55833625793457,5.946257591247559,5.855582237243652
-10.55833625793457,5.946257591247559,5.855582237243652
-10.55833625793457,5.946257591247559,5.855582237243652
-10.55833625793457,5.946257591247559,5.855582237243652
-10.55833625793457,5.946257591247559,5.855582237243652
-10.55833625793457,5.946257591247559,5.855582237243652
-10.55833625793457,5.946257591247559,5.855582237243652
-10.55833625793457,5.946257591247559,5.855582237243652
-10.55833625793457,5.946257591247559,5.855582237243652
-10.55833625793457,5.946257591247559,5.855582237243652
-10.55833625793457,5.946257591247559,5.855582237243652
-10.55833625793457,5.946257591247559,5.855582237243652
-10.55833625793457,5.946257591247559,5.855582237243652
-10.55833625793457,5.946257591247559,5.855582237243652
-10.55833625793457,5.946257591247559,5.855582237243652
-10.55833625793457,5.946257591247559,5.855582237243652
-10.55833625793457,5.946257591247559,5.855582237243652
-10.55833625793457,5.946257591247559,5.855582237243652
-10.55833625793457,5.946257591247559,5.855582237243652
-10.55833625793457,5.946257591247559,5.855582237243652
-10.55833625793457,5.946257591247559,5.855582237243652
-10.55833625793457,5.946257591247559,5.855582237243652
-10.55833625793457,5.946257591247559,5.855582237243652
-10.55833625793457,5.946257591247559,5.855582237243652
-10.55833625793457,5.946257591247559,5.855582237243652
-10.55833625793457,5.946257591247559,5.855582237243652
-10.55833625793457,5.946257591247559,5.855582237243652
-10.55833625793457,5.946257591247559,5.855582237243652
-10.55833625793457,5.946257591247559,5.855582237243652
-10.55833625793457,5.946257591247559,5.855582237243652
-10.55833625793457,5.946257591247559,5.855582237243652
-10.55833625793457,5.946257591247559,5.855582237243652
-10.55833625793457,5.946257591247559,5.855582237243652
-10.55833625793457,5.946257591247559,5.855582237243652
-10.55833625793457,5.946257591247559,5.855582237243652
-10.55833625793457,5.946257591247559,5.855582237243652
-10.55833625793457,5.946257591247559,5.855582237243652
-10.55833625793457,5.946257591247559,5.855582237243652
-10.55833625793457,5.946257591247559,5.855582237243652
-10.55833625793457,5.946257591247559,5.855582237243652
-10.55833625793457,5.946257591247559,5.855582237243652
-10.55833625793457,5.946257591247559,5.855582237243652
-10.55833625793457,5.946257591247559,5.855582237243652
-10.55833625793457,5.946257591247559,5.855582237243652
-10.55833625793457,5.946257591247559,5.855582237243652
-10.55833625793457,5.946257591247559,5.855582237243652
-10.55833625793457,5.946257591247559,5.855582237243652
-10.55833625793457,5.946257591247559,5.855582237243652
-10.55833625793457,5.946257591247559,5.855582237243652
-10.55833625793457,5.946257591247559,5.855582237243652
-10.55833625793457,5.946257591247559,5.855582237243652
-10.55833625793457,5.946257591247559,5.855582237243652
-10.55833625793457,5.946257591247559,5.855582237243652
-10.55833625793457,5.946257591247559,5.855582237243652
-10.55833625793457,5.946257591247559,5.855582237243652
-10.55833625793457,5.946257591247559,5.855582237243652
-10.55833625793457,5.946257591247559,5.855582237243652
-10.55833625793457,5.946257591247559,5.855582237243652
-10.55833625793457,5.946257591247559,5.855582237243652
-10.55833625793457,5.946257591247559,5.855582237243652
-10.55833625793457,5.946257591247559,5.855582237243652
-10.55833625793457,5.946257591247559,5.855582237243652
-10.55833625793457,5.946257591247559,5.855582237243652
-10.55833625793457,5.946257591247559,5.855582237243652
-10.55833625793457,5.946257591247559,5.855582237243652
-10.55833625793457,5.946257591247559,5.855582237243652
-10.55833625793457,5.946257591247559,5.855582237243652
-10.55833625793457,5.946257591247559,5.855582237243652
-10.55833625793457,5.946257591247559,5.855582237243652
-10.55833625793457,5.946257591247559,5.855582237243652
-10.55833625793457,5.946257591247559,5.855582237243652
-10.55833625793457,5.946257591247559,5.855582237243652
-10.55833625793457,5.946257591247559,5.855582237243652
-10.55833625793457,5.946257591247559,5.855582237243652
-10.55833625793457,5.946257591247559,5.855582237243652
-10.55833625793457,5.946257591247559,5.855582237243652
-10.55833625793457,5.946257591247559,5.855582237243652
-10.55833625793457,5.946257591247559,5.855582237243652
-10.55833625793457,5.946257591247559,5.855582237243652
-10.55833625793457,5.946257591247559,5.855582237243652
-10.55833625793457,5.946257591247559,5.855582237243652
-10.55833625793457,5.946257591247559,5.855582237243652
-10.55833625793457,5.946257591247559,5.855582237243652
-10.55833625793457,5.946257591247559,5.855582237243652
-10.55833625793457,5.946257591247559,5.855582237243652
-10.55833625793457,5.946257591247559,5.855582237243652
-10.55833625793457,5.946257591247559,5.855582237243652
-10.55833625793457,5.946257591247559,5.855582237243652
-10.55833625793457,5.946257591247559,5.855582237243652
-10.55833625793457,5.946257591247559,5.855582237243652
-10.55833625793457,5.946257591247559,5.855582237243652
-10.55833625793457,5.946257591247559,5.855582237243652
-10.55833625793457,5.946257591247559,5.855582237243652
-10.55833625793457,5.946257591247559,5.855582237243652
-10.55833625793457,5.946257591247559,5.855582237243652
-10.55833625793457,5.946257591247559,5.855582237243652
-10.55833625793457,5.946257591247559,5.855582237243652
-10.55833625793457,5.946257591247559,5.855582237243652
-10.55833625793457,5.946257591247559,5.855582237243652
-10.55833625793457,5.946257591247559,5.855582237243652
-10.55833625793457,5.946257591247559,5.833765506744385
-10.55833625793457,5.946257591247559,5.833765506744385
-10.55833625793457,5.946257591247559,5.833765506744385
-10.55833625793457,5.946257591247559,5.833765506744385
-10.55833625793457,5.946257591247559,5.833765506744385
-10.55833625793457,5.946257591247559,5.833765506744385
-10.55833625793457,5.946257591247559,5.833765506744385
-10.55833625793457,5.946257591247559,5.833765506744385
-10.55833625793457,5.946257591247559,5.833765506744385
-10.55833625793457,5.946257591247559,5.833765506744385
-10.55833625793457,5.946257591247559,5.833765506744385
-10.55833625793457,5.946257591247559,5.833765506744385
-10.55833625793457,5.946257591247559,5.833765506744385
-10.55833625793457,5.946257591247559,5.833765506744385
-10.55833625793457,5.946257591247559,5.833765506744385
-10.55833625793457,5.946257591247559,5.833765506744385
-10.55833625793457,5.946257591247559,5.833765506744385
-10.55833625793457,5.946257591247559,5.833765506744385
-10.55833625793457,5.946257591247559,5.833765506744385
-10.55833625793457,5.946257591247559,5.833765506744385
-10.55833625793457,5.946257591247559,5.833765506744385
-10.55833625793457,5.946257591247559,5.833765506744385
-10.55833625793457,5.946257591247559,5.833765506744385
-10.55833625793457,5.946257591247559,5.833765506744385
-10.55833625793457,5.946257591247559,5.833765506744385
-10.55833625793457,5.946257591247559,5.833765506744385
-10.55833625793457,5.946257591247559,5.833765506744385
-10.55833625793457,5.946257591247559,5.833765506744385
-10.55833625793457,5.946257591247559,5.833765506744385
-10.55833625793457,5.946257591247559,5.833765506744385
-10.55833625793457,5.946257591247559,5.833765506744385
-10.55833625793457,5.946257591247559,5.833765506744385
-10.55833625793457,5.946257591247559,5.833765506744385
-10.55833625793457,5.946257591247559,5.833765506744385
-10.55833625793457,5.946257591247559,5.833765506744385
-10.55833625793457,5.946257591247559,5.833765506744385
-10.55833625793457,5.946257591247559,5.833765506744385
-10.55833625793457,5.946257591247559,5.833765506744385
-10.55833625793457,5.946257591247559,5.833765506744385
-10.55833625793457,5.946257591247559,5.833765506744385
-10.55833625793457,5.946257591247559,5.833765506744385
-10.55833625793457,5.946257591247559,5.833765506744385
-10.55833625793457,5.946257591247559,5.833765506744385
-10.55833625793457,5.946257591247559,5.833765506744385
-10.55833625793457,5.946257591247559,5.833765506744385
-10.55833625793457,5.946257591247559,5.833765506744385
-10.55833625793457,5.946257591247559,5.833765506744385
-10.55833625793457,5.946257591247559,5.833765506744385
-10.55833625793457,5.946257591247559,5.833765506744385
-10.55833625793457,5.946257591247559,5.833765506744385
-10.55833625793457,5.946257591247559,5.833765506744385
-10.55833625793457,5.946257591247559,5.833765506744385
-10.55833625793457,5.946257591247559,5.833765506744385
-10.55833625793457,5.946257591247559,5.833765506744385
-10.55833625793457,5.946257591247559,5.833765506744385
-10.55833625793457,5.946257591247559,5.833765506744385
-10.55833625793457,5.946257591247559,5.833765506744385
-10.55833625793457,5.946257591247559,5.833765506744385
-10.55833625793457,5.946257591247559,5.833765506744385
-10.55833625793457,5.946257591247559,5.833765506744385
-10.55833625793457,5.946257591247559,5.833765506744385
-10.55833625793457,5.946257591247559,5.833765506744385
-10.55833625793457,5.946257591247559,5.833765506744385
-10.55833625793457,5.946257591247559,5.833765506744385
-10.55833625793457,5.946257591247559,5.833765506744385
-10.55833625793457,5.946257591247559,5.833765506744385
-10.55833625793457,5.946257591247559,5.833765506744385
-10.55833625793457,5.946257591247559,-29.910593032836914
-10.55833625793457,5.946257591247559,5.833765506744385
-10.55833625793457,5.946257591247559,5.833765506744385
